{"0": 1.0717948717948718, "1": 0.9047619047619048, "2": 1.0398009950248757}